﻿{"cameraMode":{"drawMode":0,"name":"Shaded","section":"Shading Mode"},"sceneLighting":true,"audioPlay":false,"sceneViewState":{"showFog":true,"showMaterialUpdate":false,"showSkybox":true,"showFlares":true,"showImageEffects":true,"showParticleSystems":true},"in2DMode":false,"pivot":{"x":6.574142932891846,"y":10.237585067749024,"z":5.4317402839660648},"rotation":{"x":-0.17418025434017182,"y":-0.5213894248008728,"z":0.10966455936431885,"w":-0.8281235098838806},"size":43.05668258666992,"orthographic":false}